StudentID,TotalSiteTime,AverageQuizScore
1,2.8973713224089863,63.99355436586002
2,2.389388559063052,59.246336829127685
3,3.018150830480554,50.59630369920174
4,3.7184238851264206,43.53063222294426
5,2.3126773002213312,56.982233136135896
6,2.3126904344406554,53.934853854217494
7,3.763370252405913,58.95193220027733
8,3.113947783322327,56.351718016819696
9,2.1244204912520384,60.49552715319335
10,2.9340480348687716,44.64764788439432
11,2.12926584575003,63.173940656343255
12,2.1274161971437944,51.975996046923996
13,2.6935698172528273,70.75260872625265
14,0.9693758042737617,43.10812181910432
15,1.1200657339895737,67.3596380316525
16,2.0501699766072217,51.979107834626475
17,1.689735103732461,43.48581996385552
18,2.751397866076219,45.16114165945678
19,1.7735807395830312,46.7965269180568
20,1.3701570389317668,54.241659464019165
21,3.6725190151372433,55.228354880355
22,2.3193789596107717,44.26299996061421
23,2.554022563750339,49.756454077390174
24,1.3602014510292346,71.42270358611864
25,2.064493820379854,67.27543170100711
26,2.5887380717678927,54.36323669674032
27,1.5792051380621577,50.380034781682
28,2.8005584146765377,51.200313267182615
29,2.019489048064956,56.13517972730416
30,2.2666450001653784,39.77207434801595
31,2.0186347102164826,47.42623462576655
32,3.98182254760715,33.314159261224106
33,2.489202220209653,53.992231226052795
34,1.6538312568352795,56.47195939702741
35,3.1580359296825513,45.16813537700626
36,1.5233250800231821,65.73986763290033
37,2.6670908760038046,37.74234336997659
38,0.9322639008961795,35.3562511979018
39,1.4374511608812555,52.24451818559972
40,2.657488988695299,60.470983026121544
41,3.0907732639963283,66.83927691457869
42,2.637094624951976,45.4111573713106
43,2.4074813740894077,60.78680833431296
44,2.259117043528569,49.61491530499293
45,1.317182407706058,48.273727000591805
46,1.924124633284233,58.83659937486672
47,2.13148898323217,56.5232287841342
48,3.3456977809751325,34.236078430157505
49,2.774894631654769,64.76540349725896
50,1.0895678757098128,63.800913541474515
51,2.759267175515836,43.74437298490471
52,2.1919341756669466,53.95803533437409
53,1.9584623997552328,54.94030186282739
54,2.989341031072694,52.60673765823907
55,3.324799617996761,44.4969484615458
56,3.2450240952929588,43.283766320619485
57,1.8286259814218893,49.744459290085544
58,2.2526300993190285,61.72729019259364
59,2.765010745122851,55.43600154594432
60,3.2804361016978874,46.29385667913894
61,2.116660609723768,57.716987106483444
62,2.351472818668946,30.0
63,1.6149320207951774,61.48765700372103
64,1.5430347007354634,32.60286221221901
65,3.1500206579153582,46.37559058596868
66,3.5849920228566585,38.803301053738565
67,2.442391902735733,37.053185242790946
68,3.3028263183136195,61.608267873785195
69,2.7893088200381073,45.32298798688109
70,1.9839041963159005,53.46503881730716
71,2.789116484406731,49.53079421120816
72,3.730429253172775,54.770408272231215
73,2.471339168712039,50.768218910602556
74,3.751714924651205,37.1700777581143
75,0.5,59.9626681944714
76,3.157522003500179,45.06243416838687
77,2.569637654590537,34.434181013402494
78,2.260794119627306,45.718848390340874
79,2.5734086212284017,65.00759790634311
80,0.9099448683192857,58.50221742113493
81,2.3242624897299904,46.51347865592141
82,2.785690057209397,46.50742295681571
83,3.682315235793213,46.783649487826175
84,2.085383825381082,70.76747983560841
85,1.8532051176854498,53.819354522315535
86,2.098594365132371,54.300416471910694
87,3.2323216941616595,60.30283454031842
88,2.7630008877277477,52.387891590265134
89,2.0761918369863688,47.40957854179297
90,2.910613946490685,48.03650150915022
91,2.577662039478432,49.283987405859364
92,3.2749159924263114,49.627777634901584
93,1.9383575248981182,57.2762954363698
94,2.2378702827217856,50.519458858072994
95,2.1863134774942736,57.32640077215579
96,1.3291880414943051,49.19283419891418
97,2.736896221651661,50.786351903160906
98,2.7088442177439114,30.017993154678923
99,2.504090765313969,59.16327674702482
100,2.3123302932998824,53.46488475897993
101,1.3677034063596685,59.98010109859652
102,2.163483741787713,30.0
103,2.225828386778584,70.88374704780728
104,1.8581781846227048,48.604103718448265
105,2.3709714306671925,61.081828167375164
106,2.8232406854516308,39.60094072874469
107,4.008948720968425,56.1277390506257
108,2.639662250265471,39.46584436826344
109,2.7060403125782115,43.76231039304195
110,2.4404432673870664,69.14031353866787
111,0.9649830277607667,48.09317599236653
112,2.4787888996406267,52.17432873179723
113,2.548184167952821,58.70067730688754
114,4.470593689988229,54.95681887972604
115,2.346111228175102,51.504189051435766
116,2.74123787386689,53.64961002466225
117,2.472230584235805,74.03415585238275
118,1.5650575699043743,49.42381202966415
119,3.4142582516120163,52.010990467149675
120,3.1015464261494192,60.50654396007612
121,3.1328255576344377,61.05525932957984
122,1.7724900361642089,61.8703030556038
123,3.6222354487488797,56.38730222029184
124,1.3785191497661753,38.569950872695166
125,2.9694856750402163,66.33431532301096
126,4.252364500647983,38.53654606981312
127,1.7075709398954493,53.02635465239033
128,2.0469618163177823,42.45724149980642
129,2.579721092070113,49.35861653407007
130,2.0972194767070405,53.2876241030348
131,1.2594692551470938,53.21357215450273
132,2.554850379844822,54.21920754235285
133,1.650157029019116,66.13711269058646
134,2.878873944508145,54.5353430151398
135,1.7644606126129574,47.558433647093516
136,3.7399475240140316,59.64087168288357
137,1.8733973661310102,61.894704889246405
138,2.2423507870354595,37.72392184863008
139,3.150813773895736,55.97400069849858
140,1.5153085468528358,57.01172742310898
141,2.6819679476833036,47.02436496640008
142,3.5457142034259426,63.75706813311619
143,1.2140134123510178,48.499444129674735
144,2.6477070868258434,51.255764534715425
145,2.7079062353987386,48.2692817571613
146,3.125458297421848,50.155790475814676
147,1.5104394312975344,39.037249131047986
148,1.443634709532579,35.59949117405706
149,2.9175532524935184,65.94505063224972
150,2.737587738586549,41.53038651681672
151,2.700394280276701,40.08607650543693
152,2.7771585675975805,30.0
153,1.9559802227372072,43.610382523104974
154,2.6858029577288027,36.76910206592502
155,2.734457978638945,66.4201516013637
156,1.9285188655789058,60.09817089342634
157,3.9926196089158053,43.118496548222765
158,2.87906633672943,72.52435805344308
159,1.546957202237881,59.81765486991594
160,3.0252428869070638,46.75168616491378
161,1.7202546638181428,30.0
162,3.129667682993962,72.90942572590743
163,3.4268764632059234,36.10427533236404
164,1.8434541453186317,33.546012530431085
165,3.2707009033954577,60.225704320096405
166,2.830224741549199,74.39752406339272
167,3.157648127995592,63.84272818510518
168,4.017434386123158,55.639091200523595
169,2.3036895071977037,55.94754341665286
170,1.8970110685140082,58.53415558780308
171,1.7883884562995813,57.589285897867654
172,1.8473517720276493,52.811914239693756
173,2.4383186324687167,51.04201103951876
174,2.772921579853315,49.374068721004775
175,2.721352639464015,42.46035411133324
176,3.161746599228819,47.19324923133226
177,2.5104015135023254,33.07043185804615
178,3.6628272617258535,49.0166037320525
179,2.288274533409635,40.11408892849083
180,4.676135333271695,38.964106827842286
181,3.0005338782120052,51.798941511534785
182,1.814273954866974,63.92002286344599
183,1.6432860015511102,59.183166060023126
184,2.8859779321945482,34.29499396376823
185,2.3212297717393193,40.10371863429663
186,3.0712003952736735,59.40771187988216
187,2.878590099658836,40.175126064616904
188,2.441736869874502,47.753668500029754
189,1.822565025545276,55.50052099024552
190,1.2881222202513083,40.31655545136365
191,2.1427880383463833,51.0537550614596
192,3.185119035458778,36.65974505081795
193,2.671274995304163,43.98632356048786
194,1.5034089770304095,53.19781934142537
195,2.6385447406809455,34.070062664683306
196,2.8082539037830694,54.40474737960399
197,1.7929140510390935,49.803622010733186
198,2.6229800847564224,55.524899544171475
199,2.5465669747568,52.23914134064661
200,1.5856237617355013,63.64140429973844
201,2.7862298882786267,51.25224502647907
202,2.9486276210945874,45.70594458874747
203,3.3664409945402216,51.222975030322836
204,3.3430416416279223,55.43298029036388
205,1.397864505634327,50.48860070325704
206,1.7497399680679018,50.405916912038826
207,2.912028213766928,42.980083121932445
208,2.911028760729767,43.37099082449052
209,2.9120381490448386,35.97394728200307
210,5.582185192523777,67.4957674318694
211,2.9567124085545338,37.56136764608715
212,3.4084525121444793,43.07094802204092
213,3.263201410794562,42.81592734430802
214,3.0211130010446383,58.949243769444415
215,2.2477846042877236,47.05050321707972
216,3.107175376394614,62.477420726737336
217,1.8817398283699425,43.26509375756132
218,2.3105451146079927,52.78994162223802
219,2.111709161736717,41.64652946740243
220,2.565499311509058,71.45149127773388
221,4.351726853338807,38.12401580970487
222,1.0061878459266014,53.09820710227027
223,3.049008152299611,56.337768809320984
224,1.2098273030482787,54.137990974514985
225,2.1224545073684533,48.147123411222914
226,3.371160477573893,48.70179300266574
227,2.5514240152763703,50.438114719791095
228,1.637804177656555,48.529979983715116
229,1.9277570325920252,59.638791167949094
230,3.043678199147741,72.10523001591352
231,1.9157066946262906,44.425082149921664
232,2.67316687166558,36.301970204209226
233,2.536457471923051,49.117179516487454
234,1.9787197219153463,75.79709337654319
235,4.215155271460261,41.963254320302696
236,3.007135217854409,66.39116805444067
237,0.8798859306739142,66.77700814076441
238,2.649163451815542,44.46411758292005
239,1.9705708281852896,55.689830791852756
240,3.1819466678369794,66.28396623128538
241,1.8659834092538394,46.20872259012513
242,2.408210846826481,47.964196398976384
243,2.9039898231843657,44.18319086051356
244,3.192604155336097,39.852432693071336
245,1.5397628743553788,43.50722454933993
246,2.2323990113272414,37.760597332377436
247,2.120043751071235,50.34083468259226
248,1.9773366139410304,42.30026768941358
249,3.9123633922248775,52.33785911790748
250,2.8239853687687644,34.44104353796373
251,1.4912928365319638,53.30880232214457
252,3.234289557643821,58.33528961608925
253,4.197724957610107,30.062643574285445
254,3.3259722084409176,53.74056569847572
255,1.2845040272367891,62.27668992473292
256,2.112612741706999,37.90358981308795
257,3.513528919349298,66.72572386837703
258,1.9338644275049752,54.190190093660455
259,2.8550555425169826,42.949881442415915
260,3.1197072427434693,49.44230922342294
261,1.7584556227375336,55.58326912521722
262,2.4523797151505597,50.760053914124114
263,0.5,55.387559924463694
264,1.680489886932568,40.79326406920634
265,2.2979454788854716,51.69360824036078
266,1.5017734544281205,35.8628550309502
267,3.8059290431453086,48.887739386513
268,1.3558868976314937,40.960923585352106
269,2.147964410642413,42.64470057410233
270,2.604592461828873,62.36093175210438
271,3.6530186312528925,60.91310120594269
272,1.3513102790564484,56.09138120907177
273,3.430531001723968,39.07687235327421
274,2.5081864488156698,46.83591550305198
275,1.7147930791616393,62.130976999791834
276,2.8696827794106166,51.417169136399046
277,2.659247756458776,73.19329539981695
278,2.0198264982729643,53.93317839394372
279,2.555841667992015,51.92049116490031
280,2.1917491225105916,46.908835357974986
281,2.5908138762009982,51.33540904782282
282,3.029704539616837,48.47530163619456
283,3.768813452916282,57.0810867668859
284,1.5097476009385207,59.56702316794584
285,4.2064266997250135,42.140105394920504
286,0.9383297603819984,36.68767046442222
287,2.3785719239715335,31.637946268967035
288,2.970653765187661,55.079913269125434
289,2.724793494188026,38.966333938261265
290,2.001840384143525,30.0
291,2.3335021997141796,53.885786045309644
292,2.105599252272934,74.9299951743279
293,2.0285081944446306,49.939290884601064
294,3.17968167761682,58.38490774451642
295,2.785612388772038,50.81829358547565
296,1.9456723237914766,49.01110346808857
297,3.2196799003466006,59.190764829877686
298,2.7458396167012875,47.097254558113484
299,3.150289695071168,52.673923140719026
300,3.00370307353889,53.216978061960134
301,5.671004989077928,64.6552763708556
302,5.939818959803031,77.93633879629218
303,7.247293605123262,68.60032194643674
304,7.110370265433465,63.95403872405724
305,6.479098406035852,74.29207874856323
306,6.617327383308782,62.812256145671704
307,7.7776648957884245,70.22544925895302
308,5.90842861116417,69.92704802684638
309,7.047097381170038,78.68716452665262
310,6.297807347566106,73.79758586303963
311,6.282318796772779,69.79978433003885
312,7.59877685198719,76.54213039360229
313,7.32541634898803,81.12166039213851
314,7.313509636000639,74.4624824508149
315,7.805478807154329,70.08282095874705
316,6.521003841632759,59.50531014119872
317,7.1819529712949635,61.47909069539702
318,6.189733243406544,67.55820236516266
319,6.824166352488442,65.12390238272573
320,6.369856945632315,68.50422957611643
321,6.596995964992718,70.45319939917685
322,7.095157025436913,74.23754203485385
323,5.681779316766527,69.43600977552727
324,8.59238727568546,73.89201315060961
325,5.493982618500298,70.51579531848097
326,5.285811387212268,54.19626746916903
327,7.658110873500068,62.485316849449966
328,7.291662693962936,68.84729955422708
329,7.124119817052155,60.32244205727114
330,7.12834550926428,74.79942983996963
331,6.487753227153085,82.24600665874958
332,5.602745628514168,79.75009481357853
333,6.575804558193727,68.29245703255833
334,5.822838288487889,81.92580909479962
335,7.475119733417751,71.1893396576169
336,6.3529426184978615,67.30331223105568
337,5.6745028032074885,65.09277869167248
338,6.178614158347006,67.58024250809497
339,6.912931454275625,66.89458545167017
340,5.936275447196025,71.3633297790039
341,5.677779604433568,71.28459184839892
342,6.743687211491912,70.02436816122731
343,6.744966571108723,73.4955053579708
344,5.99305682462887,79.52517019829074
345,6.028961694381677,77.59643308353058
346,6.732049937357636,58.12081625240077
347,5.051915658502676,49.56863092078436
348,5.092536225623444,77.4745592899142
349,5.781555778747564,59.06497041267663
350,6.286552848288153,68.20187678485853
351,6.810907565598004,60.63909579152512
352,7.975356216949552,55.58415649935984
353,7.35765962320202,74.3317018256383
354,6.340061470036573,76.07324128242118
355,6.4809837920973115,65.38791679418624
356,5.497470635362191,49.27166166284072
357,6.48148686400761,65.63004441398014
358,6.211341361079862,73.13443204322037
359,6.82271856033809,58.16870744980697
360,5.672769056447677,71.46687935823324
361,7.019346514241172,69.87752120661604
362,8.032738913002579,74.63433199680871
363,6.391239851543142,70.95664294731323
364,6.901711722098941,62.21544847294756
365,7.190143991711112,79.57257201331593
366,6.0987795281141635,68.73176341578424
367,6.724092481810417,69.78156368392054
368,6.512592400781795,62.53385632741443
369,6.597676098548832,66.45374199046792
370,5.726990216144533,62.92157828778479
371,6.524510174258943,68.61643152061262
372,6.99799829124545,83.69366784113875
373,7.951143607795042,59.024790856549146
374,7.4592708260852065,57.09150881698607
375,8.653182457511557,81.76936261994886
376,5.73265243711195,68.32541058278507
377,7.372320636720678,64.64741809072066
378,6.683342005738352,78.31923749916861
379,8.689802933217672,65.15507568210509
380,5.691701714644848,84.60807770837549
381,5.660278157819224,75.42340697071415
382,5.900607354555978,66.09670873483438
383,4.376104275690193,87.25846570612403
384,5.974244978319239,65.15428061597329
385,5.740867338446302,75.93676297607446
386,6.650393786476208,72.39434064325194
387,6.8417559757771595,80.41393031519038
388,8.376170839215886,82.49208957381482
389,7.45042383818605,70.25603319252613
390,5.923096344337597,63.97265703723053
391,5.601585328651642,73.67977714351294
392,6.991919171506506,64.57827704198316
393,5.179766792979358,86.10709798021298
394,8.331458765854354,71.0922826486619
395,7.679440120721287,67.07742758950313
396,6.030824347895296,71.47744244691927
397,4.786865470909122,59.22298968376243
398,7.853872374165412,62.22708769191479
399,6.385460154747382,79.6033112635554
400,7.737816311973462,64.74484576822883
401,4.905572341205633,61.62471213854448
402,5.900624977046228,74.2932220202183
403,6.505243699718183,79.48563323730397
404,6.546980593764742,75.75162648532053
405,6.049934528520756,77.96838148644653
406,7.122849932347499,63.945639291444316
407,5.432379570617406,58.62551466606525
408,6.357620514978707,82.0106692156439
409,6.620295631711899,67.41856128926291
410,7.014438834058749,67.99333586835962
411,7.21161487808889,80.62555313479247
412,5.3753579081621305,74.44984007520527
413,4.965885829264378,73.64710217665287
414,7.777676821898509,87.32001875920866
415,6.832314011979592,64.85185415695885
416,5.751513463443446,77.4227210246499
417,8.051151975522522,70.45610499917667
418,6.6156746342928585,72.14873823090606
419,7.679297184063826,82.22774741130026
420,6.567518481410109,74.06268605031698
421,8.560747924881987,74.30636863239707
422,8.255340842443204,78.58005869847841
423,6.251035851520927,67.08037816365692
424,7.471570950954355,63.28632266128795
425,7.145375949585148,61.64152644783173
426,7.868631557532349,54.26914728499199
427,5.5350765394198955,86.44965703952258
428,7.186051459998439,61.17433307422654
429,7.558424486849588,68.22997101131382
430,4.7412605135768855,67.78549360088863
431,5.316741487334225,72.45925358247281
432,4.4607678222399,76.52589770031437
433,6.230593165555442,76.88378790687796
434,7.217542255795962,65.33538049144849
435,8.002357052096029,68.66302628970871
436,6.574094780419776,72.2606396039064
437,8.128615545571291,68.01047099053163
438,5.119898541785108,82.85876460815994
439,4.796617560644846,73.927799613106
440,6.444452301103381,75.87902228839855
441,6.884065448939308,75.3030501493393
442,6.467305251905907,79.3877908598826
443,4.432557899960123,71.44817246962965
444,6.410879960487212,59.62534441635323
445,5.195530499495147,73.19750361402113
446,7.169672548830039,64.78914484966536
447,6.866598246096848,65.77106654600195
448,5.560120213672644,74.69091215004075
449,5.986133082663306,79.90626457146908
450,5.440786478111049,70.1701726138885
451,6.437320902726828,72.47066410079171
452,7.455142320501238,83.6177195570819
453,5.514273953664456,71.92602543590854
454,7.004046515517844,90.81346491344316
455,5.969742381627559,74.52407716505235
456,5.707127167737656,55.91389792675346
457,6.392969640045442,76.02673296883626
458,5.464757677580626,73.04926707906222
459,5.946350694652818,80.31802203266196
460,5.302122107411152,75.38545081015967
461,8.464725132916389,68.89235212812982
462,6.535263551971728,60.20561410968507
463,5.800274492007414,68.3278139417118
464,6.713979910734222,63.1958363663256
465,6.38767195030917,65.35581240156222
466,6.279030400466777,74.70862723536487
467,7.114166700043425,83.35923603481125
468,7.257507710047305,73.15737223858385
469,5.9694988523894725,60.432935503718525
470,5.92418175935532,73.55682134576112
471,6.224948302848356,79.57305189316521
472,4.198078835264415,65.12173676544494
473,4.984808937801448,68.92786266661666
474,7.8668742674445244,70.11750555783358
475,8.144967713501284,63.72081349534208
476,6.250963960443622,75.18624347075087
477,7.076556963055767,69.03241481113774
478,6.811250154543536,73.35625955125622
479,9.578880808455239,62.9000625775832
480,7.619574911434577,66.50033359741272
481,6.372082408519233,75.77905086262217
482,5.5444595593995745,67.01733478326587
483,4.8935536797424275,83.81571080986724
484,6.703463635867223,66.80291051508318
485,5.743649254715697,71.79747780601508
486,5.077746290402326,77.46072665498473
487,5.853427115757474,58.65307413653575
488,5.418451996385605,55.91352950415379
489,8.187141635072564,57.79474948343924
490,7.3816397569494505,80.10067282741745
491,6.492027358683383,65.58513483286043
492,7.979944138890026,90.46559428534601
493,6.577368307647618,65.48601921074089
494,5.638715798671736,71.47641042557629
495,8.023124077269657,82.336879620543
496,7.038910043684659,86.04874310527299
497,5.462753845673544,86.49202861309118
498,6.3096613219163915,79.66692984474514
499,5.624381746615243,78.1925002064917
500,5.1172002690356635,74.74021559360946
501,7.426177547531641,76.2268886093331
502,8.40941664047013,65.59051426937174
503,5.101432426180859,63.45440893262154
504,7.062969236690571,69.97300434071238
505,5.8493574308781735,68.63852301980057
506,6.012874616235304,66.3741756053818
507,5.907606075761131,75.57109957965372
508,5.636009230320184,77.64244166856409
509,6.548521627944827,70.70725509033478
510,5.669049883588962,81.8202406484421
511,6.7704568257798385,60.86648708693196
512,6.449761890550863,68.45072432576225
513,6.26105195313359,64.26542143517756
514,5.592436337958402,55.06770706341552
515,5.923228669431667,69.3385545132584
516,7.255391225825756,69.02601993293374
517,7.000917187624381,82.10759794593704
518,5.522444755201449,75.04649347643821
519,6.599332305429225,61.80650540536636
520,7.251387123371789,84.8327405306735
521,4.830594718878628,79.76826956420282
522,7.043360192379935,74.65678162774893
523,5.837376241054153,68.18812720920134
524,7.070598668593159,62.32448610621216
525,5.736740843457483,67.02234579143158
526,4.6951178993354805,78.70998895763348
527,4.872457562116837,85.07669044747688
528,6.548084946661382,82.34594822617751
529,6.759722501721482,66.08920462570981
530,5.595683374895591,61.04306053368791
531,7.138592458777374,71.12708997528964
532,4.83847993773104,55.852485075497185
533,6.4339202013526835,72.58534171347826
534,5.288983800237544,68.81917930961065
535,5.8481638921978405,66.27170798505406
536,6.547398671316414,57.242375461865635
537,5.639586634716047,74.10880085255774
538,6.115444455770175,65.7383932827047
539,7.5062928092144405,60.640665314317694
540,5.923108130476852,47.021902293746805
541,7.335692112065142,69.7798807595949
542,5.370293145342382,84.17801277335795
543,7.029804177915283,83.29007371638296
544,7.9415686206579,66.34322994730982
545,4.028355499872711,65.18230351710575
546,5.703104744529523,73.75019404860019
547,7.07707212718054,62.012916486493666
548,6.296954613957007,72.41433519855573
549,6.871145873371309,76.12864222707752
550,5.89601481328418,79.81546579107446
551,6.5865897874729,69.19876738816038
552,6.34432276460792,68.37060999858427
553,7.667782061659807,62.97613930594751
554,6.754420843301213,63.38495716768112
555,6.837602662075202,68.18816886478778
556,6.088123033877532,72.93892405452942
557,6.012393775927507,77.30867700986599
558,6.0674418121803795,63.57456839455724
559,6.894452142378297,81.94150855167618
560,6.0790155191797375,67.83101119165946
561,6.789774856896413,69.8290616452125
562,8.57540079864544,64.0223065668174
563,7.3711247034316925,50.606077917816464
564,6.1739764678321585,77.0723631708884
565,7.701213922163944,75.89475117673946
566,6.091924626978448,67.74937954305429
567,4.461875464822146,70.53592573779898
568,5.491913689082596,74.1275137416328
569,4.629208078974145,57.49963314490766
570,6.148486515958691,65.76757858122964
571,6.518418379189551,76.35411743697462
572,8.176437312275283,59.96568461464601
573,6.826927373764162,72.34846345733304
574,6.280899471191136,59.14734556301276
575,7.329405581183489,73.73143985946821
576,4.288864690992115,69.71486814162013
577,6.735614558108566,57.078945472755926
578,7.270865193886967,79.31791483565738
579,5.021413754220158,64.1232673856156
580,7.643754043206929,63.51798050388495
581,6.838496407494414,71.60455357784754
582,6.084712086099199,79.18909879542971
583,7.132781866106285,61.873425448172824
584,8.770692857804395,70.49343879878377
585,6.6818662550584955,73.43053200264458
586,6.748220586300336,75.54484485810515
587,6.040639100459756,71.4115324422178
588,5.650155630535208,67.06377728733342
589,7.330335816544245,63.37927823481024
590,5.6439161740911326,70.689151064371
591,6.571566237219392,61.42288790411514
592,6.022342553234884,46.62919613204314
593,6.978979825746392,73.49247843326134
594,6.833662105286948,77.23147872868957
595,7.537539944257899,51.096540515665296
596,5.989983601145253,61.9221543623205
597,6.230125064706629,74.95323408804158
598,5.521236284217693,86.45996375769359
599,6.055706739923888,70.16634966140326
600,6.877300493044852,64.17597647016693
601,7.256988616645351,68.53682847116127
602,5.577834675822374,80.99901135318548
603,7.36960592010566,64.83228656700372
604,7.8556378588049505,63.60646394679797
605,6.913434903223701,66.13805182254374
606,8.376795812558067,62.3733711339303
607,5.7262108008964265,70.98136252795837
608,5.255345296688583,82.99742766775648
609,4.721279751095722,72.58463418492823
610,7.996044311489183,67.9811719829897
611,7.154365656354058,67.66550984867564
612,6.444415329089545,57.494473530426745
613,6.77996862631982,77.06487821717727
614,5.374510952701623,69.37730242389759
615,8.945751979616826,68.556160691275
616,6.629221181975227,95.54486054275888
617,6.609394794604893,72.3900232669255
618,7.225766623898692,63.98567159923853
619,6.981009231736714,66.58913923035566
620,6.723884024279132,79.18756567357404
621,5.709525544554688,70.90616328430211
622,6.971468357135996,58.493776173461065
623,8.382024496475033,77.35383147660163
624,7.8454200461549775,64.65484731568804
625,8.093186626639397,84.98638220974037
626,5.988784323568815,78.6403845257172
627,5.510395179741419,66.42142483472999
628,6.374213079900352,80.2481308938809
629,6.555724912288695,70.54284408421923
630,7.594191518470948,76.82218940097775
631,4.807535370285181,73.8778625383558
632,8.029550319460613,63.229146760073014
633,6.3419921014210106,64.85160134146031
634,6.07311893005258,78.23968654064929
635,5.487895624739832,67.32179734314768
636,4.845143328134231,66.77081229406403
637,7.323170583961915,62.35901936520518
638,6.573317967188403,73.38879252474769
639,5.210039100258946,86.50019935394516
640,5.204921227936384,61.459736685965815
641,6.164215300709872,70.19375565338207
642,8.169021525289393,81.29776444332343
643,6.240408648636395,69.36286887003428
644,4.996857046881894,73.61897436999787
645,6.254256935914055,61.500851774824966
646,6.22727643025233,73.42645677766119
647,3.8031133570584283,68.50284587996362
648,6.445705133482188,77.8858399654389
649,6.269065469791322,79.499088412518
650,7.196206364813419,90.71650913614891
651,8.348956094945345,74.63706538570861
652,7.626565029547757,72.60637053265734
653,6.231111309445169,71.5550744126187
654,5.39347409125833,67.1746696575145
655,9.073359803249861,72.70787074769353
656,6.559218434014488,67.63678871888777
657,6.513929291912946,71.34768781015691
658,6.475874912889997,80.54078028486367
659,6.698084760767855,61.94765947776287
660,6.355639588076057,79.11902848903236
661,5.9263379931197635,80.53692053871892
662,5.953141058759607,69.05545178407137
663,6.4672467297840015,53.02516080793124
664,5.956575228866235,65.13742410324454
665,5.787154217322835,80.37595637248887
666,6.606430227691897,69.81705550160895
667,6.245022782579145,62.005582141640716
668,8.003992988582688,65.96180063017427
669,3.849030191606988,76.72496021203642
670,7.591506851922462,74.37386854561103
671,7.746085192497629,68.08854320664244
672,4.4266097675918505,67.06540470548249
673,6.157312405919651,66.86593480764942
674,6.128559134004209,62.62071852401198
675,5.0924883052821786,82.92300551575553
676,5.722183312409125,67.42143624630928
677,5.389424154534171,79.73726816660397
678,8.252270443423622,82.17052841537961
679,7.4356783931474615,77.98648718518368
680,7.7715550949941585,66.54703749825562
681,7.2216720640432355,73.22984072269287
682,5.370948228782771,69.80643514887267
683,5.975479733720226,62.77038511415898
684,6.989374561227918,72.59487425377283
685,5.277872191108054,60.56768167072158
686,7.212998430172388,79.50143510769252
687,6.259674601841865,66.28306162161286
688,6.125179192450402,71.60927724698271
689,7.2109599682034915,72.26630297236913
690,6.94426331148604,67.92876021036739
691,6.13903383418092,74.69355041180219
692,7.659329803364248,66.2007707470198
693,5.418936672400102,76.97037837965796
694,7.115935606944264,59.23216255802601
695,7.093101257968383,71.0110366363713
696,6.190453560686009,85.51143199246627
697,6.826133022242118,61.997349403155404
698,5.248886423614697,64.57804023580118
699,7.424027019206901,74.11126279727132
700,6.3150978635570105,71.43665425551679
701,10.215915469221441,89.7531504963678
702,12.573513838755334,90.44593565073832
703,9.943484464185861,91.17360734280885
704,8.88730805545466,93.54849920978111
705,8.665056239714144,90.04909328464257
706,11.90901492701846,86.79371172690729
707,9.079355971255575,91.36286850601365
708,13.632191272976547,97.49940967447608
709,7.877105888174417,87.33683126808714
710,13.544684552435058,83.12735347664679
711,11.316526200803928,93.53540334643486
712,10.854930332194412,87.39809418023201
713,10.182621369786576,77.13665226992981
714,11.598704171528107,92.23710838575211
715,10.943547946362727,85.32335907023038
716,12.654952823024782,87.54733358847919
717,11.17134147299306,89.65990165284508
718,11.225452642192817,88.95249839889533
719,10.454581681679215,91.5472590856952
720,10.914581564418398,85.82256814715079
721,11.461702653338088,90.56552899088041
722,8.434747411015062,86.70226661208041
723,8.977721866841431,91.69405240443751
724,12.114896141034073,91.07683742006526
725,11.256298157191912,83.32280648977702
726,10.724024995470982,93.42991058087516
727,11.02765089959809,85.32018277442975
728,11.521372558042506,92.04028899140573
729,10.190360479535958,89.8364365670067
730,9.832542911896532,97.19091838397561
731,11.293767882646522,86.88267008814074
732,9.532440833577452,86.25341601940902
733,11.612379133571707,87.90290197056133
734,8.44612459364324,86.48410108582863
735,12.543733455988466,91.99970950971024
736,11.708896223619565,79.91844695781705
737,11.384044601470814,82.73158790426822
738,12.474036475918272,82.66098539210404
739,13.498211666693866,92.75153795986787
740,12.521555097527196,96.55306686290963
741,8.238688653002532,87.47775390731265
742,9.080634549896448,87.15589138404995
743,10.062772133456482,88.3502608155659
744,11.03913657531625,93.80939151304095
745,11.776488530703684,83.36323432904713
746,9.911384280269802,89.19184491367392
747,11.280150146715618,92.87598814891214
748,9.866925601470015,90.50547084969922
749,10.082723295512078,88.94790808299372
750,8.890008354727666,93.00523046283571
751,9.615150130833644,74.48383853500381
752,8.9724730915755,91.38937659765453
753,9.536190120534002,84.72962158436287
754,12.580462694911759,78.84683551571771
755,9.575901666752085,90.5560129976249
756,14.948573097256087,94.86829272581478
757,11.739976851321334,87.31275742686154
758,11.277254185542311,92.76437273601469
759,9.71246332972818,96.06139128994323
760,12.050464819113486,94.57457226792023
761,10.13654326064334,96.19982264685697
762,11.183014721968043,91.71063745535946
763,14.840126807403191,88.37716819450796
764,10.855910150413026,79.99017094051416
765,12.723909989428513,86.76968755935026
766,9.94523536231117,83.78376702341905
767,10.947517264254557,98.85471358748907
768,13.656200953453265,87.12057093783832
769,10.059549413318349,88.61602403392243
770,13.718672836995394,90.75742688020233
771,12.061627903183213,88.21801223186228
772,10.156299836158599,96.47525520215376
773,11.948611608583281,84.88675319132774
774,12.458831674440095,88.97303727618622
775,11.932714943325795,84.28764707150975
776,8.644662920164315,81.39988744389647
777,9.909294236262697,84.94115454547358
778,10.628722046672744,87.81481601475794
779,10.888349856349931,85.8534888774137
780,11.931008146326016,84.53789510063072
781,11.266551501399881,80.96841268164083
782,8.996983461934848,87.58447213685653
783,11.570296776508945,80.476398129845
784,11.915878617925735,91.80027981844802
785,11.839685671896559,88.41219876467251
786,12.621171088331932,80.71224250267535
787,12.250883231823355,86.45395461475069
788,11.688770118842655,84.23921797204709
789,10.89475143281203,89.5958725520959
790,8.508558599726012,94.70225223011572
791,11.644427328698878,78.62413765177128
792,11.311531530744666,88.57513039573709
793,11.40736825579306,87.1993360221668
794,9.084877136269537,91.35670038225233
795,9.378415189387606,89.06598314118844
796,12.579729279999356,84.2401533413059
797,10.940667269215018,86.4047303216669
798,12.022251046058937,84.01987071598255
799,11.042477564195691,93.38003569299299
800,11.044634209243618,88.10655824335971
801,12.407425708963997,97.50595342876504
802,10.22593290767394,87.6966959309269
803,11.144181165411474,84.45796616544769
804,10.306587066942436,80.43142803693587
805,10.348255658851526,78.98430161872028
806,10.536241814797041,80.07932028497255
807,11.333200657450568,89.33563325505742
808,10.281877067504784,90.54362511614967
809,12.883634188360281,80.09404648983933
810,9.658089046670744,92.47519157038057
811,10.71969253375796,85.58469474158281
812,10.340403412588739,88.73396505992774
813,13.1704668265306,96.06110314127713
814,11.294832164767362,92.48419657932766
815,12.547766809202953,86.65734676047084
816,8.771659440444541,83.54403887292357
817,11.400575398803888,77.24092299335348
818,12.334446193435156,84.4042334037879
819,11.123425983913137,86.94434880586152
820,12.598220562598026,83.06410236424408
821,10.224067324849441,87.34371516453848
822,13.11402116027837,88.38425941479385
823,14.448347185428876,86.8757200909596
824,10.455742159340511,84.7499870958827
825,10.331746217898843,88.84327335983363
826,13.180076715676552,90.20970324784705
827,13.36935821859607,82.54800461278577
828,10.215709959270097,95.05466189873135
829,10.369719774356215,87.50705933857869
830,10.577323086709239,88.09424811472424
831,8.983324233448585,91.54107211628279
832,9.622022080273702,89.1660806563175
833,9.493788849871898,92.76568316956623
834,9.848303652343807,89.43562082600913
835,10.947972668919828,84.9378131267978
836,11.351322098804781,89.8075176260305
837,13.325750739221116,82.28136896339669
838,9.502468938891813,88.54279852888261
839,12.476483597714875,87.8338500467777
840,10.679016733661737,86.9594157136373
841,10.92580443552135,87.35731244280535
842,12.012229238249905,78.5907547725118
843,9.315916967656552,85.25637546129519
844,11.573614619276077,88.46422450570557
845,11.249678312319585,88.799281959987
846,11.738676896012224,82.8616242953702
847,11.433752965861727,94.3285392043235
848,14.682950209866341,83.66912575892749
849,10.043390023623026,92.84728600263368
850,10.203504567497273,90.13597180935842
851,10.065289210362854,84.76886345078098
852,10.166784321259618,96.87655446304755
853,10.043919309040223,82.0318158412176
854,12.783524796661327,92.59577086805001
855,13.130756371984782,93.0029115902149
856,10.143880559375786,84.64689895461677
857,9.751466640343658,94.96232650032164
858,11.707123334579606,86.74976742700524
859,10.171665433578543,89.44346814639928
860,11.949397726633267,89.30160919385611
861,11.30438453127695,87.32845629264726
862,8.726383827504153,92.05404136579891
863,13.321257801995092,91.96744360276107
864,13.693816509643282,79.2573401338091
865,10.08081696427342,94.52170121439076
866,10.418447660096025,79.68754005982163
867,11.428798086087358,93.16273102170828
868,11.501685184980538,93.63352568413792
869,11.987816409009245,82.54516784892401
870,14.015306808149525,85.94592856022707
871,10.734579158758926,82.47147665757032
872,9.80255413319232,86.92539484855632
873,8.93102115797821,86.4598285790713
874,9.90360494008712,91.8983026613467
875,10.950309540689304,94.55154373059804
876,13.691836795276682,94.97841905394978
877,10.223583051445743,85.18915986710849
878,11.335681927458348,86.95389063127736
879,10.975365655890872,79.58280903889525
880,12.782589910172126,83.97064966751906
881,14.790398638810434,92.8242581654873
882,10.20369684061952,96.07791411774116
883,10.265840836222667,81.82825564060039
884,12.566241315603609,85.03767870423553
885,12.022837234439468,87.86797121520536
886,13.770060988604051,89.40080579409803
887,11.875892277988946,83.95198240039177
888,10.461061863819411,90.12030522232045
889,11.885982246038465,85.63080326464542
890,12.663055370874362,87.9277386456086
891,12.230723271796046,90.73142124001849
892,11.760911046660947,88.03211134905469
893,12.600012034383731,85.81807054736716
894,12.75394338566851,87.45195098037084
895,13.07323848655629,87.55818520397332
896,11.973064831384464,86.14994485058936
897,10.749322879524719,86.70601968666449
898,11.220070529649984,95.99323585252358
899,12.809763449762535,90.8045972397062
900,9.774596493519146,86.5225984098542
901,11.553009963309352,91.48477202255368
902,10.409991781508959,86.33090255121995
903,11.043117234402226,93.86562318793321
904,12.917677793910947,89.84821096099047
905,11.286648602029855,87.46348927997886
906,11.069654822234224,90.23858462905139
907,8.960215788530121,80.1456192396575
908,12.119380349040831,82.36616265545098
909,11.968226271711613,82.03037496800472
910,14.24488208495819,88.71471547381853
911,10.538332647570499,96.66257499742545
912,11.32872549149591,99.15650073096316
913,11.374075525566132,91.19025550720379
914,13.366179919645212,90.50422237472229
915,10.857056701419571,78.99471132923631
916,11.41853228865551,85.2866310013299
917,11.91184476457481,84.0610812404588
918,11.279913684734538,84.89576200874441
919,10.330349578174207,87.15928090707605
920,11.291134989347462,85.63954711151436
921,12.610447624789657,78.10350094812107
922,9.46022705088341,91.73955128058768
923,11.199454511220313,82.63628487130097
924,9.94981877759124,89.19623432055575
925,12.792569943387264,98.37041334874986
926,8.715219642824337,83.40307704206788
927,10.161617229092617,75.34856238626836
928,11.565817812596782,86.56997889059944
929,13.34828604385151,93.50479817499286
930,10.901374608390519,97.79173727110297
931,10.167200709960202,81.85225202773792
932,13.821735604160885,90.48349611618261
933,8.827979149375635,85.67344771609973
934,7.701791065069877,87.47025822847932
935,11.66002167508,100.0
936,10.246918663471083,80.48514835802423
937,9.46815077430393,89.26869830747287
938,12.06253467094903,90.33846585882716
939,11.365701070656797,93.42893162469673
940,10.153882053894908,88.48991576735447
941,9.079543401993659,89.54025269752051
942,12.308685992420218,86.04175716289105
943,11.975301766937992,89.34563470622554
944,10.851236204330926,86.28403862251295
945,13.7699554940715,91.10785944928026
946,9.39487285051077,86.15194831978182
947,8.711712243612892,89.88550196951093
948,9.962137895178133,87.85368593157511
949,10.931620975466753,93.63025125386085
950,11.365009173984038,87.74303138205757
951,10.638145913215505,79.1348376589656
952,11.528083094771445,94.30960750356996
953,9.122690863714334,83.47133849568691
954,13.165646906109888,84.7311683067559
955,10.876773232411146,85.02169352978254
956,12.675943747382192,94.87219046585409
957,11.514088019566556,77.32162893010653
958,11.685129828730675,100.0
959,11.854650920348305,93.28028404533026
960,11.671562840025972,89.1161945706458
961,11.964084139801315,87.72552999691857
962,12.993728795198647,89.42777037428829
963,11.294781754552206,90.60561214189669
964,12.063505636382768,91.22607792975029
965,10.86539645856916,90.77802233001724
966,13.16017582317421,88.44790340627624
967,9.985411546911095,87.01330789846337
968,13.701410649366224,87.24363358173244
969,10.939763074033484,87.0254585982366
970,8.853837346822928,93.66885048433532
971,11.192156622366184,90.96778361140431
972,9.97842251378768,73.2980568266786
973,12.260965323483086,91.27950388264881
974,10.021064031046414,88.97368097359387
975,10.33072485017783,87.90645621777051
976,8.165688903581703,86.05740773455557
977,10.321540521126385,93.62056359993007
978,7.364181010056565,92.73763231061429
979,8.624145764771415,84.13561166088195
980,12.140621984216446,90.03526143562267
981,12.178700237976248,83.14171632729357
982,11.638186342677447,81.10190917605534
983,9.54953578530618,84.86641387705018
984,10.92843296578703,92.31196736191379
985,10.994596191364147,92.76562522688043
986,9.262452966211185,90.56542710048646
987,13.255097452650727,91.62547893423998
988,12.316043435863508,90.5808914355748
989,10.668553739255504,84.79259202388523
990,11.040328758491796,90.1596127233697
991,11.312574211921328,92.0020476261384
992,7.937397697363564,91.77145664906787
993,10.629233926219104,93.94456685737322
994,9.977023628003302,91.54151923600531
995,9.497569985157627,89.75724103770791
996,10.578349560671068,93.35075119158213
997,13.696529790274283,87.8673937037547
998,11.961264291900514,83.5906267438614
999,10.143231515325805,87.18466518028119
1000,11.858874172034238,84.27548677596775
